"","gene","p.GS.Zn","rank"
"1","2921039",0.000176671413744385,3.75283371567381
"2","2870539",0.000188109352311299,3.72558961191256
"3","2077788",0.000252070331005868,3.59847826832078
"4","2853076",0.000321365286901707,3.49300103647507
"5","2854767",0.000351628486567276,3.45391594856461
"6","2845757",0.000352531296425592,3.45280232190208
"7","2193254",0.000373203871539034,3.4280538596219
"8","2864701",0.000502416241079719,3.29893633006446
"9","2911735",0.000511299277735244,3.2913248207603
"10","2838254",0.000511415135393202,3.29122642312142
"11","2853432",0.000526777795789,3.27837253927127
"12","2858997",0.000559342134513087,3.25232246460291
"13","2457476",0.000585235627698499,3.23266924296731
"14","2859101",0.000587452203800851,3.23102746262212
"15","2742042",0.000588381533858196,3.23034096590599
"16","2786337",0.000590552346448148,3.22874160056361
"17","2862596",0.00075257915478251,3.12344781509974
"18","2041876",0.000844077193069009,3.0736178341908
"19","2812778",0.000886573379495928,3.05228531309036
"20","72261",0.000924346101570201,3.03416538607597
"21","2850052",0.000926884341790487,3.03297445448109
"22","2900920",0.000984230938857141,3.00690298723555
"23","2863387",0.0011173586134361,2.95180741879042
"24","2828754",0.0012548679610823,2.90140196883644
"25","2918516",0.00132957415091973,2.87628743686776
"26","2774689",0.00145423615128505,2.83736506330344
"27","2917408",0.00148315162610442,2.8288144477482
"28","2069309",0.00149619614035753,2.82501146991321
"29","2848795",0.00151284791119709,2.82020473003885
"30","2841339",0.00153047153629686,2.81517474299847
"31","2848132",0.00171305884117713,2.76622771936978
"32","2867260",0.00172516017649023,2.76317057564211
"33","2908507",0.00184116268953333,2.73490783450258
"34","2892856",0.00184179554203671,2.73475858255048
"35","2861123",0.00185104216290269,2.73258368880656
"36","2773096",0.00187759476979601,2.72639813317294
"37","2851345",0.00188765386826532,2.72407763762461
"38","1816322",0.00195918559617193,2.70792442078149
"39","2765169",0.00196100487841088,2.70752132593227
"40","2816063",0.00199497247619055,2.70006309171709
"41","2772411",0.00209149194869831,2.67954380291822
"42","2982876",0.00209425129034627,2.67897120830047
"43","2808554",0.00213833558016702,2.6699241376781
"44","2853062",0.00216200615700016,2.66514307358928
"45","2858780",0.00230364995161611,2.637583512936
"46","2869517",0.00232796020971753,2.63302444706673
"47","2038755",0.00233808693592919,2.63113934471721
"48","2854612",0.00254198193251382,2.5948275405788
"49","2919559",0.0025595399715245,2.5918380838215
"50","2853580",0.00264534183910848,2.57751819915018
"51","2896722",0.00267725659375922,2.57231000314502
"52","2892634",0.00270661635838441,2.56757329769983
"53","2921526",0.00275174044066637,2.5603925335552
"54","2912396",0.00293681888086212,2.53212283640795
"55","1874186",0.00294541724193724,2.53085317522808
"56","811009",0.00296376816374913,2.5281557713885
"57","2863098",0.003003065154293,2.52243524527589
"58","2825134",0.00307858533172495,2.51164880420221
"59","2766106",0.00313339162853321,2.50398532121099
"60","2806479",0.00315298231922385,2.5012784646105
"61","2892085",0.00317108584549454,2.49879200088684
"62","802681",0.00318868010885738,2.49638904736929
"63","2853526",0.00319156511457368,2.49599629063209
"64","2861875",0.00323138586069372,2.49061117965972
"65","2849849",0.00332092234348981,2.47874127983316
"66","2982179",0.00337662586142158,2.47151705761205
"67","2949140",0.00338713112054235,2.47016799088835
"68","2795616",0.00350163667859158,2.45572891726697
"69","2900743",0.00356202205288909,2.44830339609726
"70","2860707",0.00358300789925341,2.44575223436853
"71","2890555",0.00362062823215104,2.44121606646007
"72","2782013",0.00363969805215691,2.43893464374692
"73","2375318",0.00370275742507188,2.4314747385051
"74","2833678",0.00372620303766822,2.42873348445413
"75","2870418",0.0037542481235852,2.42547702762761
"76","2154333",0.00380052823953615,2.42015603612744
"77","2871118",0.0038183579697775,2.41812335907188
"78","2852528",0.00385207352620188,2.41430543190083
"79","1946220",0.00399678215804945,2.39828952202643
"80","2891565",0.00401438159001442,2.39638134770281
"81","2861260",0.0042687810080901,2.36969612428191
"82","2853598",0.00431153452385444,2.36536813201274
"83","2809917",0.00438764469474788,2.3577685482254
"84","2727138",0.00443633466684715,2.3529756991138
"85","2861944",0.00452011919357979,2.34485011288077
"86","2916016",0.00460176377603319,2.33707567888737
"87","2869606",0.00460537617899048,2.33673488972614
"88","2858478",0.00465345185497259,2.33222477497727
"89","2117082",0.00466552134735201,2.3310998190928
"90","2911929",0.00470406658984694,2.32752653910063
"91","2868431",0.00490048843292802,2.30976063157274
"92","2923423",0.00494096626749983,2.3061881110749
"93","2858782",0.00510335640428885,2.29214410068384
"94","2897816",0.00512837949611527,2.29001984484443
"95","2868434",0.00524245857558214,2.28046499252064
"96","2798389",0.00527411096694509,2.27785073691935
"97","2757925",0.00531775075486709,2.2742720220858
"98","2852000",0.00533340195274674,2.27299568440607
"99","2856609",0.00537923302523614,2.26927964192708
"100","2785520",0.00547507084016548,2.26161025725608
"101","2959759",0.00548765248716847,2.2606133987014
"102","2793973",0.0056131787374423,2.25079112855371
"103","2861198",0.00561498092798578,2.2506517145378
"104","2923153",0.00561742277840951,2.25046288902742
"105","2846510",0.00563822351561149,2.24885771142423
"106","2861023",0.00570299714912253,2.24389684551478
"107","2820567",0.00576742371824486,2.23901814088392
"108","2767976",0.00577392248833861,2.23852905057528
"109","2892301",0.00581387315564692,2.2355344476952
"110","2795213",0.00585174416672111,2.23271466911713
"111","2871194",0.0058532131915372,2.2326056572933
"112","2848511",0.00588833576536045,2.23000743357449
"113","2859890",0.00589591053765561,2.22944911492127
"114","2781628",0.00594583161940903,2.22578739378513
"115","2866434",0.00606187448635557,2.21739306012404
"116","1336358",0.0060719277995146,2.21667340121976
"117","2786788",0.00616175963428834,2.21029524719699
"118","2898415",0.00620788736073742,2.20705617175212
"119","2865412",0.00622492908150762,2.20586559197284
"120","2862994",0.00622869896757305,2.20560265802955
"121","1919526",0.00625711031480261,2.20362618820808
"122","2841956",0.00628387473155934,2.20177248116465
"123","2857357",0.00644131067480841,2.19102575361523
"124","247207",0.00653067319355904,2.18504204855973
"125","2806642",0.00654082706040918,2.18436733347053
"126","2914385",0.00655539227677789,2.1834013148751
"127","2862599",0.00667988842546895,2.17523079150766
"128","2858866",0.00676123620378071,2.16997389172152
"129","2864696",0.00681253550287318,2.16669122142551
"130","2863129",0.00696419521199379,2.15712906376041
"131","2820725",0.00699761057382084,2.15505023023646
"132","2915194",0.00703080255340587,2.15299509822029
"133","2853188",0.007180854984722,2.14382384363503
"134","2850183",0.0071993841297957,2.14270465363419
"135","2913375",0.00759466593804449,2.11949132442853
"136","89575",0.00759868255135519,2.11926169854473
"137","2795319",0.0076163902340843,2.11825081250072
"138","1863906",0.00762555555329059,2.11772851067765
"139","2856922",0.00777794112521803,2.10913534854903
"140","2495681",0.00795460800915265,2.09938121685416
"141","79086",0.00796142422860551,2.09900923385833
"142","2894712",0.00803489310838842,2.09501989646702
"143","2802613",0.0081187125915109,2.09051283267147
"144","2845949",0.00819678433748581,2.08635649132207
"145","2850252",0.00823049976647101,2.08457379307074
"146","2774595",0.00834653686677966,2.07849368399273
"147","2858900",0.00838663284407823,2.0764123694162
"148","2854419",0.00840953681114085,2.07522792404815
"149","2870638",0.00849399160652558,2.0708881725002
"150","2869794",0.0085129866638886,2.06991804695582
"151","2775246",0.00856891970375772,2.0670739267664
"152","2846456",0.00858200563108423,2.06641120484087
"153","2851602",0.00863352503015522,2.06381184755567
"154","2851208",0.00863643348127412,2.06366556761146
"155","2922209",0.00871378263744044,2.05979327760402
"156","1858984",0.0087697363293551,2.0570134639233
"157","2859259",0.00891062664323211,2.05009175296333
"158","2776891",0.00898245720172456,2.04660484338011
"159","2918713",0.00904095214826718,2.04378582937385
"160","2804681",0.00936773071161089,2.02836560215243
"161","2915286",0.00937213768213859,2.02816133999037
"162","2845509",0.00942132970385064,2.02588779760089
"163","2831283",0.00951813543686525,2.0214481197658
"164","2779976",0.00956141565055277,2.01947780189679
"165","2844962",0.00965086218944539,2.0154338858902
"166","2506755",0.00969214460620929,2.01358011483888
"167","2848028",0.0097230640588179,2.01219685296051
"168","2765528",0.00972754326231368,2.01199682903696
"169","2846371",0.00994923524415427,2.00221030036062
"170","2812933",0.0100082245680116,1.9996429583552
"171","2850106",0.0100454748915537,1.99802952751641
"172","2780245",0.0101342685704446,1.99420759056079
"173","2846372",0.0102454932922186,1.98946712667899
"174","2840261",0.0103511579457151,1.98501106457372
"175","2864721",0.0105765098475759,1.97565762190422
"176","79903",0.0106891654203788,1.97105620194496
"177","2912092",0.0107812127234868,1.96733238483615
"178","2811018",0.0107844981531037,1.96720005959331
"179","2895776",0.0108020112056399,1.96649537653223
"180","2862965",0.0109365598631039,1.96111926551842
"181","523891",0.0110387550904464,1.9570799019542
"182","2772647",0.0110759517425578,1.9556189451246
"183","2977678",0.0111479298250418,1.9528057737848
"184","799634",0.0111632613516752,1.9522089075385
"185","2775879",0.0112331349595235,1.9494990232915
"186","2862716",0.0112393027377814,1.94926063062878
"187","2897064",0.0114420272949782,1.94149702055879
"188","2858986",0.0116078216509908,1.93524927326033
"189","2490747",0.0116339460307074,1.93427295520331
"190","2861128",0.011677331260105,1.93265639964153
"191","2846045",0.0117010702501793,1.93177441325473
"192","2758230",0.011854141276447,1.92612990118881
"193","2869103",0.0119950410997694,1.92099825962841
"194","74485",0.0123785133955621,1.90733150902114
"195","2786156",0.0124036239093089,1.90645141049244
"196","2846381",0.0125354236261014,1.90186098477162
"197","2846092",0.0126882762656187,1.89659737390041
"198","12847",0.0128786825009323,1.89012856336141
"199","2851797",0.0129236550989677,1.88861464076689
"200","2896432",0.0129287510726906,1.88844342627476
"201","14841",0.0129412933428292,1.88802231844433
"202","2870425",0.0129463069977841,1.88785409870363
"203","2918109",0.0129772174316071,1.88681841875655
"204","2797252",0.0130610942084371,1.88402043800887
"205","2925750",0.0132321775090079,1.87836868171342
"206","2806526",0.0133792500230272,1.87356823036413
"207","2826976",0.0137316011551295,1.86227881947888
"208","2795210",0.0138333878976422,1.85907144497637
"209","2805860",0.0138601798849274,1.85823113317844
"210","2768421",0.0138948692717179,1.85714553487715
"211","2862949",0.0140956426819214,1.85091511795847
"212","2902691",0.0143052305034073,1.84450513991735
"213","2893281",0.0143847724790111,1.84209700286586
"214","2858791",0.0145927625721244,1.83586248355155
"215","2871603",0.0147358279846704,1.83162545675529
"216","2986416",0.0148894620395233,1.82712099314689
"217","2904775",0.0149422260422486,1.82558469797917
"218","2918940",0.0150191381988986,1.82335498651964
"219","797462",0.0150406628144539,1.82273302476053
"220","2861769",0.0150562810399111,1.82228228731855
"221","2871718",0.0153862501298129,1.81286721164125
"222","2892918",0.0155979334683348,1.80693293643714
"223","2760029",0.0158470114200169,1.80005262910397
"224","2857602",0.0159388227571956,1.79754375878273
"225","87864",0.0160674850939426,1.79405209431916
"226","2796960",0.0163188519092752,1.7873103987075
"227","2211179",0.0163377909988301,1.78680666395245
"228","2863391",0.0163961546793369,1.78525799325468
"229","2851977",0.0164458256358932,1.78394431858682
"230","2982627",0.016532197291739,1.78166942058109
"231","2859035",0.0166482423467737,1.77863161076973
"232","2924275",0.0166679067565085,1.77811893773522
"233","2851048",0.0167895488734778,1.774960972974
"234","2642505",0.0169712644805264,1.77028579843327
"235","2849881",0.0171564990950677,1.76557132830607
"236","2850391",0.0171575906952342,1.76554369674528
"237","2784848",0.0172475539950696,1.76327248678003
"238","2852277",0.0173158200151916,1.76155693699698
"239","2639930",0.0174889554071623,1.75723612959813
"240","2830628",0.0176396296424762,1.75351053745349
"241","2908151",0.0176585364323749,1.75304529428525
"242","801970",0.0178687192642017,1.74790657432272
"243","2919587",0.0179422569106326,1.7461229290631
"244","2844032",0.0183481001795477,1.73640889731126
"245","2900611",0.0184526157275557,1.73394206226785
"246","2890389",0.0184988301300583,1.73285573560375
"247","2986449",0.0185216666129425,1.73231993729561
"248","2894929",0.018529267784684,1.73214174222208
"249","2867249",0.0187669432684834,1.72660645885105
"250","2846087",0.0188643778712661,1.72435751283412
"251","2423321",0.0188776383684838,1.72405233777567
"252","206005",0.0188924722246551,1.72371120760101
"253","2912251",0.018962881646018,1.722095665528
"254","2800892",0.0190128399614237,1.72095300741361
"255","2868354",0.0191000311826458,1.718965923724
"256","2921099",0.019107038687777,1.71880661703784
"257","2870416",0.0192434013811261,1.71571816148249
"258","2846251",0.0192537714420234,1.7154841879201
"259","2861926",0.0193658008191871,1.71296453925818
"260","2849412",0.0194169253274184,1.71181953956982
"261","2870628",0.0194438271570097,1.71121824817611
"262","2919237",0.0195892037708146,1.70798321612212
"263","2857696",0.0199978143483947,1.6990174677511
"264","2899738",0.020093199718904,1.69695089901016
"265","2860645",0.0201433777786329,1.6958677022223
"266","2915067",0.0201623198885611,1.69545949916918
"267","72942",0.020418781441356,1.68997017944235
"268","2847995",0.0209245415988689,1.67934404746911
"269","2768903",0.0209463223309181,1.67889221764253
"270","2769046",0.0209563728246906,1.67868388383234
"271","2859943",0.021056319690055,1.67661753428893
"272","2977724",0.0211531382581419,1.67462519202003
"273","2846810",0.0215092277649622,1.66737518159004
"274","2892678",0.0216660562390145,1.66422013388121
"275","2913328",0.0217736592744473,1.66206857742871
"276","647312",0.0218140310992843,1.6612640720459
"277","2857585",0.0218322746641755,1.66090101359753
"278","2855313",0.0219607572910118,1.65835268782682
"279","2854608",0.0219852335249045,1.65786891698816
"280","2924243",0.0221391231563847,1.65483958381342
"281","2914084",0.0221428330696032,1.65476681400015
"282","2775367",0.0222231246884884,1.65319487700809
"283","2978185",0.0222352364824921,1.65295824725866
"284","2901125",0.0223138821375665,1.65142486520467
"285","2851596",0.0224825356614788,1.64815470904222
"286","2845172",0.0233268483906565,1.6321439332596
"287","2764386",0.0236796213625102,1.62562524626868
"288","2858761",0.0238162862596521,1.62312595833109
"289","2872504",0.024125224379681,1.61752863875498
"290","2894543",0.0242069370021588,1.61606016005093
"291","802152",0.0242979750024395,1.61442991907296
"292","2871670",0.0247122877299738,1.60708704810202
"293","79441",0.0250344644260318,1.60146169523
"294","2851709",0.0251851075158956,1.59885619078759
"295","702975",0.0252318844309152,1.59805031320076
"296","2849848",0.0252813612549885,1.59719954551569
"297","2922520",0.0253118984790328,1.59667528004731
"298","2867145",0.0253512021961226,1.59600144087651
"299","1734196",0.0257298188233965,1.5895632718649
"300","2729612",0.0259634140672714,1.58563820042761
"301","2791799",0.0261699812909245,1.58219658783972
"302","2846702",0.0266887753313551,1.57367135423937
"303","2850188",0.0271647373252813,1.56599449010504
"304","2760033",0.0271871730758929,1.56563594803469
"305","2890405",0.027190882646262,1.56557669450226
"306","2895316",0.0276543106231201,1.5582371633133
"307","2777278",0.0276729181447955,1.55794504153275
"308","2860650",0.0277047694848654,1.55744545899866
"309","2094046",0.0280463927862014,1.5521229880188
"310","2851460",0.0283629904631351,1.54724798106412
"311","2915352",0.0284336349470907,1.54616761668828
"312","2839148",0.0285789112617098,1.54395432005303
"313","2850840",0.0287358002927395,1.54157670324994
"314","2846276",0.02903300308149,1.53710803980507
"315","2798933",0.0291953782089938,1.53468589434607
"316","2891648",0.029640407584302,1.52811582868204
"317","2017881",0.0296492980003043,1.52798558486981
"318","2851871",0.0297595769703777,1.526373246538
"319","2760845",0.029834679031415,1.52527863003826
"320","2915786",0.0308633281737254,1.51055724322596
"321","2850656",0.0308652716797011,1.51052989596965
"322","2812634",0.0309399065468243,1.50948100240975
"323","2868492",0.0311681499975497,1.50628897474272
"324","23483",0.0320437102501266,1.49425720395276
"325","2846408",0.0322216049393553,1.49185283142312
"326","2861195",0.0324185487565671,1.48920643060786
"327","1161593",0.0325441631554389,1.48752689147954
"328","2866335",0.032739752706013,1.48492460527898
"329","2829049",0.0334559190929945,1.4755270347867
"330","2845814",0.0335740892649534,1.47399575922722
"331","2858684",0.0337171597079245,1.47214901693962
"332","2894416",0.0337518062083047,1.47170298119413
"333","2863061",0.034423495703914,1.46314502919054
"334","2891858",0.0345984407978325,1.4609434725412
"335","2903651",0.0349617363618279,1.45640700642567
"336","2851899",0.0352135472817613,1.45329022351554
"337","2845996",0.0356462720745459,1.44798588242109
"338","2390326",0.0358190837139853,1.4458855280082
"339","2894112",0.0362173377205244,1.44108347715228
"340","2767644",0.0362634673411881,1.44053067307141
"341","2897678",0.0364459795866112,1.43835037241187
"342","2908653",0.036841609674073,1.43366140297857
"343","2891023",0.0368660625059518,1.43337324490689
"344","2869811",0.0370180742653592,1.43158617763286
"345","2846961",0.0371365582580138,1.43019834827569
"346","2763244",0.0371594787182892,1.4299303870185
"347","2777114",0.0373678695871561,1.42750166139351
"348","2914936",0.0375286098694747,1.42563752237609
"349","2846115",0.037580107668406,1.42504197996387
"350","2760794",0.0376941983708071,1.42372548824077
"351","2859011",0.0377161488798056,1.42347265860797
"352","2892883",0.0378479236313641,1.42195794126763
"353","93776",0.0386271322006019,1.41310753404225
"354","2855281",0.038928147949846,1.40973625783579
"355","2787062",0.0389320176159133,1.40969308878756
"356","2783734",0.0391842239670694,1.40688874989534
"357","2984753",0.039311281625259,1.40548279709305
"358","2873710",0.0394816944853198,1.40360421644232
"359","2829265",0.0402993370731377,1.39470209797418
"360","2848696",0.040369542970702,1.39394616727103
"361","2797687",0.0403821753518286,1.39381028970519
"362","2851370",0.0405572257665136,1.39193175967819
"363","1813430",0.0406612799998608,1.39081895407657
"364","2867125",0.0409982450250296,1.38723473333534
"365","2803628",0.0414177380165416,1.38281362330251
"366","1442503",0.0422579031780072,1.37409205628544
"367","2846476",0.0422677363894494,1.37399100979801
"368","2776233",0.042311084799312,1.37354583979951
"369","265342",0.0430006438270116,1.3665250418989
"370","2858898",0.0431064768547712,1.36545747111637
"371","2797279",0.0431962174307339,1.36455428144627
"372","2851939",0.0432414980276533,1.36409926906946
"373","2871249",0.0432796105855646,1.36371665551011
"374","2868316",0.0435722069590641,1.36079044222469
"375","2921899",0.0438733538821416,1.35779916484666
"376","1913131",0.0440132015515182,1.35641703939918
"377","2923542",0.0444091607222169,1.35252743437314
"378","2851199",0.0444132161661677,1.35248777641774
"379","2615414",0.044514870656383,1.35149488418385
"380","2863279",0.0448180947478415,1.34854660960565
"381","2832607",0.0451944888710835,1.34491452091436
"382","2859102",0.0452510130386258,1.3443716937591
"383","2855370",0.0452576631346273,1.34430787446299
"384","2862448",0.0456101497850161,1.34093850152141
"385","2893995",0.0466226701060708,1.33140285781831
"386","2851666",0.0469714349354694,1.32816617230478
"387","2977558",0.0477484808169104,1.32104044153214
"388","2922035",0.0477579292701375,1.32095451198859
"389","2892496",0.0480964919042612,1.31788659934722
"390","2872427",0.049093865924199,1.30897276778931
"391","2567599",0.0498171402229743,1.30262120696871
"392","2862960",0.0503907751011402,1.29764896135927
"393","2890043",0.0506005448732252,1.29584480659575
"394","2769906",0.0512127779307929,1.29062166612433
"395","80941",0.0513079677504149,1.28981518690883
"396","2859113",0.0518869649203371,1.28494173221315
"397","2851112",0.0522047302386988,1.28229014405728
"398","2859931",0.0527693926024879,1.27761790470304
"399","2851883",0.0529717108786149,1.27595600000866
"400","2979116",0.0536385335417936,1.270523104113
"401","2849384",0.0543977196752538,1.26441930532408
"402","2854369",0.0549698636964392,1.2598753399118
"403","2869366",0.055024300684451,1.25944546828055
"404","2873092",0.0552340588205316,1.25779304190049
"405","2764019",0.0553018996811046,1.25725994994574
"406","2819533",0.055915125424857,1.25247069658572
"407","2853512",0.0563246849351476,1.24930122892166
"408","73239",0.0565611422520258,1.24748182854739
"409","2855765",0.0571372518784076,1.24308065164569
"410","2862983",0.0571990567433327,1.24261113299969
"411","2862950",0.0577982919070121,1.23808499594488
"412","2809849",0.0581917369037717,1.23513867981525
"413","1173488",0.0587647924221436,1.23088279358939
"414","2916819",0.0589702225553178,1.22936723317922
"415","2923998",0.0591320951489252,1.2281767329492
"416","2862916",0.0593453464110134,1.22661333074908
"417","2863419",0.0595964151090839,1.22477986350084
"418","2857720",0.0600326892690459,1.22161220122939
"419","2873849",0.0605444566733711,1.21792561381528
"420","2851156",0.0606681506494112,1.21703924347687
"421","2772065",0.0614989123781703,1.21113256475037
"422","2851998",0.0618037667591071,1.20898505512409
"423","2918764",0.0620585921254932,1.20719808113769
"424","2862878",0.0632503296223339,1.19893720686696
"425","2853773",0.0634033227672673,1.19788798152402
"426","2816567",0.0634162369231063,1.19779953228713
"427","2918876",0.0640758069157583,1.19330591597704
"428","2767241",0.064340074545033,1.19151844025597
"429","2984958",0.0645956156655608,1.18979695811747
"430","2851843",0.0649249996623361,1.18758804395735
"431","2854575",0.065771829089711,1.18196008040739
"432","2766917",0.0658209228665542,1.18163603281281
"433","2788466",0.0660465125334481,1.18015010957809
"434","2813120",0.0665941028458103,1.17656422751014
"435","2850784",0.0669137481233946,1.17448464275968
"436","2853507",0.0669566022408523,1.17420659302986
"437","2817007",0.06716630039229,1.17284857255084
"438","23125",0.0676250964276229,1.16989210261802
"439","2859201",0.0680375422358411,1.16725138307668
"440","2848944",0.0691610815212992,1.16013822397157
"441","2778246",0.0692889428955779,1.15933606441517
"442","2760545",0.0699646195502159,1.15512152310798
"443","2055873",0.0699907581781519,1.15495930194588
"444","89384",0.0708024550707061,1.14995168291511
"445","2867888",0.0708643931112174,1.14957192785917
"446","811038",0.0710007698584944,1.14873694221778
"447","80861",0.0716956288521606,1.14450732164398
"448","81895",0.0717914799690469,1.14392709366836
"449","2859137",0.0722554314231885,1.14112950153389
"450","2847844",0.0731351396117246,1.1358739052223
"451","7630",0.0743849869249864,1.12851470899127
"452","2796226",0.0746344253600289,1.1270608066382
"453","2761179",0.0763415171052918,1.11723921373576
"454","2848383",0.0768372768360683,1.1144280352214
"455","2978806",0.0777657699621696,1.10921152367636
"456","2870458",0.0780682814302922,1.10752538094729
"457","2832232",0.0785836697275215,1.104667694216
"458","2759061",0.0790685111663017,1.10199643874578
"459","2859092",0.080354120024454,1.09499185059929
"460","2846421",0.0803613075993602,1.09495300524178
"461","2774508",0.0809694020417693,1.09167906797242
"462","2770324",0.0839090656730439,1.07619111474841
"463","510474",0.0850557307594616,1.07029641981314
"464","2848504",0.0854449905141417,1.06831339409994
"465","2845847",0.0854857668436709,1.06810618814688
"466","2856785",0.0861359659297474,1.06481547173612
"467","2893531",0.0864861734259533,1.06305331779278
"468","2812883",0.0869478906313709,1.06074094958155
"469","2845131",0.087545453990882,1.05776640078481
"470","81883",0.0880497468563865,1.05527188829446
"471","1735233",0.0881027960157355,1.05501030867153
"472","2080296",0.088221788317006,1.05442414301719
"473","2855363",0.0902885204201268,1.0443674638074
"474","2846786",0.0903515209959669,1.04406453203946
"475","2851532",0.0905999034382247,1.04287226519591
"476","2818398",0.0907321326705345,1.04223888085468
"477","15263",0.0913508495800869,1.03928740927228
"478","2846647",0.094708836293973,1.02360949961672
"479","2854516",0.0953703694561747,1.02058653494481
"480","2922113",0.0954812812621367,1.02008176183388
"481","2890345",0.0954976548100669,1.02000729350058
"482","2869377",0.0958466213458125,1.01842319167201
"483","2768862",0.0963218684159143,1.0162751017211
"484","2855350",0.0969466889169745,1.01346701907257
"485","2985674",0.0970534165181953,1.01298917177605
"486","2851268",0.0982404109831996,1.00770982935272
"487","2336165",0.0987934634833707,1.00527178888416
"488","2762837",0.0996614910182555,1.00147261971205
"489","2846149",0.0997152709525094,1.00123832631678
"490","2423399",0.0997635490987956,1.00102810918263
"491","2806068",0.10056402526031,0.99755735153775
"492","2862985",0.101005457554848,0.995655159663687
"493","2067930",0.103686213619194,0.984278984663404
"494","2915257",0.103846189510096,0.983609434661863
"495","2846813",0.106449642816579,0.972855791464261
"496","2893855",0.107070534281871,0.970330030190192
"497","2853073",0.107635420159937,0.968044789555461
"498","1858466",0.108126648547497,0.966067258027725
"499","2862982",0.108833827224677,0.963236098262028
"500","2756456",0.109367626621846,0.961111212373169
"501","2763681",0.110685951490686,0.955907497253582
"502","2865875",0.111288048821131,0.953551471871213
"503","2835021",0.114131313853596,0.942595183206362
"504","809446",0.114685313555504,0.94049219369577
"505","2895739",0.114894927001054,0.939699146456075
"506","2787919",0.119733612606399,0.921783913751595
"507","802410",0.119943838988303,0.921022055008375
"508","2847178",0.121582371723866,0.915129389027402
"509","7801",0.123278927525245,0.909111152452306
"510","2411104",0.123464753572214,0.908457006079104
"511","2849455",0.123543553443305,0.908179911346837
"512","2845890",0.124725545281768,0.904044588712931
"513","2778885",0.125001681240936,0.903084145801934
"514","2893287",0.125798372176277,0.900324978600084
"515","2910040",0.127452777090521,0.894650697174319
"516","2922385",0.127776468266885,0.893549119908687
"517","2849346",0.128701251930487,0.890417228512415
"518","2835632",0.128869216369781,0.889850812339297
"519","12392",0.128923142535592,0.889669116988177
"520","807292",0.129316857178087,0.888344858706323
"521","26397",0.130236476305854,0.88526736262092
"522","2890488",0.134118232032178,0.872512180144278
"523","12508",0.136338410457855,0.865381773660185
"524","2857285",0.136746022444703,0.864085297209813
"525","2774624",0.137486260654874,0.861740699796686
"526","2845325",0.138312726582677,0.859137857270731
"527","2872461",0.138942783881438,0.857164003775796
"528","2817858",0.14079327039595,0.851418103004636
"529","2803183",0.140867292714287,0.851189831891517
"530","2922598",0.142658812629477,0.845701394997883
"531","2846570",0.142723300562471,0.845505119529796
"532","2856529",0.142968962447706,0.844758234568032
"533","2977337",0.145689452659101,0.836571888296983
"534","2781511",0.146188062952914,0.835088088426946
"535","2846778",0.146730424827557,0.833479825047505
"536","2051414",0.146790927289426,0.833300786040538
"537","2862754",0.149844261413068,0.824359884579267
"538","2890250",0.152611555428869,0.816412581263213
"539","2845773",0.153350623720258,0.8143144532797
"540","2779052",0.154524546485758,0.811002522345565
"541","2857155",0.15458588758844,0.810830156098285
"542","2984821",0.15556538011347,0.8080870455118
"543","2922591",0.155973501957304,0.806949176845545
"544","2982203",0.156860391802591,0.804486704552942
"545","2851892",0.159840768003402,0.796312442413648
"546","2854520",0.162048259924956,0.790355628063101
"547","2830047",0.164033736623866,0.785066821935303
"548","2846507",0.164202132429028,0.784621207166965
"549","2918425",0.16513861253299,0.782151368594397
"550","2845929",0.166043062250422,0.779779265740418
"551","2846304",0.166138842338499,0.779528820039997
"552","2787698",0.166349507310027,0.778978481076213
"553","2850359",0.16744124604289,0.776137552780108
"554","2916660",0.169841379872273,0.769956490412479
"555","2849944",0.170056939004449,0.769405642414832
"556","2813753",0.171300054300139,0.766242499368132
"557","2604464",0.171604964420165,0.765470152448286
"558","2859270",0.17235346423781,0.763579983017595
"559","2866152",0.172733661297994,0.762623021486065
"560","2859164",0.172942958855973,0.762097115015598
"561","1859620",0.174013102191287,0.759418050595841
"562","2785227",0.178688831394594,0.747902591396313
"563","806216",0.178974536116147,0.747208754555938
"564","2862998",0.179444041544488,0.746070957878593
"565","2863015",0.183085910512043,0.737345075809235
"566","2982006",0.183407562925076,0.736582759893334
"567","2761366",0.185072844520277,0.732657299994665
"568","76397",0.185733793482017,0.731109071017702
"569","2809611",0.186455168615771,0.729425573309935
"570","2860684",0.191245332051119,0.718409156379215
"571","2863038",0.191739643977525,0.717288083362668
"572","2858999",0.193759619263989,0.712736727585163
"573","2859727",0.194209229510817,0.711730134724759
"574","2863390",0.196704779082188,0.706185088459874
"575","2851278",0.197083490307356,0.705349755064662
"576","88864",0.197241832709443,0.705000970793606
"577","2897330",0.197470020040402,0.704498829755654
"578","2869059",0.198620852488087,0.701975158433242
"579","2271967",0.200411530963421,0.698077294333157
"580","2852212",0.201450865792216,0.695830861767915
"581","2951390",0.201991003957177,0.694667972230391
"582","79794",0.202011412537815,0.69462409460194
"583","2846598",0.203606383490314,0.691208610072217
"584","2490693",0.204523263034318,0.68925728700704
"585","2894033",0.204934867251005,0.688384145227572
"586","805026",0.20725649685395,0.683491846767574
"587","2765315",0.208465314876003,0.680966193980622
"588","1735944",0.210415533264479,0.676922202911637
"589","17456",0.211367485688602,0.674961818693948
"590","2851763",0.21240796602462,0.672829199757889
"591","2859231",0.213121205692244,0.671373335565315
"592","2650310",0.214709432636441,0.668148875675675
"593","2868355",0.215369605962601,0.666815586525985
"594","2776687",0.215842781537772,0.665862470939768
"595","2734036",0.218381582963953,0.660783990300582
"596","2864833",0.21865950048992,0.660231648341026
"597","1238701",0.220821764038793,0.655958125072616
"598","2858365",0.223103278644759,0.651494047435281
"599","88553",0.224180436162781,0.649402290212384
"600","2865638",0.231610802121145,0.635241189365131
"601","2984604",0.231833849203142,0.634823154011315
"602","2870976",0.233124133338166,0.632412765376575
"603","2852016",0.233436828110931,0.631830626509906
"604","479411",0.235725340081623,0.627593729032375
"605","2897734",0.239448377710562,0.62078810100491
"606","2895177",0.242083111415765,0.616035507438809
"607","2852755",0.244162478661476,0.61232107488045
"608","2850671",0.245277224159549,0.610342777440011
"609","2914556",0.246776845662331,0.607695591287175
"610","2779460",0.247113229888137,0.607104002822905
"611","809512",0.247872891817451,0.605770966486858
"612","2799405",0.252071060466436,0.598477011527725
"613","2923035",0.252510359566598,0.59772079968268
"614","2836768",0.254465003256114,0.594371938033954
"615","2502820",0.256423934073578,0.591041441122909
"616","2855578",0.259694250950363,0.585537664572353
"617","2346229",0.266155766271989,0.574864120387419
"618","2845356",0.268410800768472,0.571200012274394
"619","2872464",0.268536144489512,0.57099725076189
"620","2838291",0.274495758580658,0.561464361739378
"621","2817396",0.276963967879476,0.557576727574482
"622","2792395",0.277158098217626,0.557272427337273
"623","2859006",0.277314869936674,0.557026842436925
"624","32995",0.27938700362227,0.553793800034324
"625","73790",0.281231514809223,0.550936013876791
"626","2899507",0.283975879793737,0.546718546281631
"627","2863260",0.284297904416088,0.546226341519138
"628","797788",0.292553799843598,0.533794256670031
"629","2922410",0.293993121166902,0.531662831064735
"630","2773990",0.294700285228742,0.530619443813431
"631","2862283",0.296431184331391,0.5280761108457
"632","2863404",0.298215725117511,0.52546945963654
"633","2893792",0.30071183399207,0.521849480657957
"634","2787707",0.301651954934661,0.520493855779088
"635","81535",0.302701854691724,0.518984918059239
"636","2863263",0.305530646198149,0.514945221404331
"637","797139",0.320217537928824,0.494554885979706
"638","2860405",0.321389034560946,0.492968944968171
"639","2859147",0.322018766928231,0.492118817323205
"640","2760473",0.324719232394655,0.488491988320358
"641","2861253",0.325819349904828,0.487023127187269
"642","2923019",0.328872701397812,0.482972174326188
"643","2819336",0.343040198266574,0.464654985314556
"644","2488854",0.345143725602845,0.462000017280253
"645","2899033",0.346700159706292,0.460045958287228
"646","2823537",0.347731829739561,0.458755554218771
"647","2893762",0.3500844481333,0.455827181551186
"648","2892354",0.353499813953694,0.451610810435414
"649","2823447",0.356712560753412,0.447681597782893
"650","804975",0.356825326598319,0.447544328030394
"651","2845941",0.358004063272746,0.446112044174791
"652","2919875",0.358964198968518,0.444948863303956
"653","2854012",0.36666095305854,0.435735337037296
"654","2792035",0.370404127070742,0.431324183021247
"655","2858639",0.371819744865361,0.429667551470023
"656","2916771",0.373038781552542,0.428246016076703
"657","9554",0.3818215761274,0.418139533961438
"658","92001",0.385783747249453,0.413656072774457
"659","2820810",0.386725035271516,0.412597712260179
"660","2894218",0.389746344792611,0.409217949118833
"661","2893807",0.391968455961531,0.406748881839404
"662","2866469",0.393706999708903,0.404826863828191
"663","2772362",0.394667061318791,0.403769118054499
"664","2846126",0.394926705826324,0.403483497307137
"665","2892145",0.395139962940601,0.403249045218806
"666","2848376",0.410534069722569,0.38665079547869
"667","2869927",0.414399017786334,0.382581282631744
"668","2838690",0.420094218880353,0.376653294957217
"669","2866691",0.422189384403125,0.374492690860445
"670","2860565",0.428975658543326,0.367567350379928
"671","2867297",0.429610577023124,0.366925034835896
"672","2845140",0.432774456063329,0.363738380799195
"673","2846876",0.439130737018526,0.357406163327529
"674","812764",0.446697776565896,0.3499862092196
"675","2977627",0.449192069759467,0.347567919574661
"676","2860998",0.454246126943274,0.342708766946368
"677","2866792",0.466806297261129,0.330863293913487
"678","2779565",0.467303381438959,0.330401076379993
"679","797531",0.485878182045342,0.313472602130766
"680","2850982",0.501173244619849,0.300012122083549
"681","2917763",0.510042172643114,0.292393912943295
"682","2854757",0.524621871057263,0.280153607986061
"683","2783805",0.525304395066002,0.279588965568627
"684","408657",0.525521707558185,0.27940934000106
"685","2866693",0.531123770249558,0.27480426145564
"686","2779233",0.533242341611542,0.273075373140102
"687","2863059",0.536495263355282,0.270434108008831
"688","2300811",0.545448372262908,0.263246349938012
"689","2190737",0.547497243056435,0.261618063389016
"690","2785094",0.569394038968879,0.244587083828463
"691","2860857",0.581926745711475,0.235131681906132
"692","2671575",0.588836446667922,0.230005316712527
"693","2983567",0.591857562563324,0.227782798742973
"694","2777099",0.593668337847248,0.226456112712652
"695","2856976",0.599535173493759,0.222185332654967
"696","2858805",0.600987217241202,0.22113476516972
"697","2097602",0.613202556571317,0.212396043148221
"698","1616808",0.619153660130109,0.208201555398305
"699","2892442",0.632500004353889,0.198939467162627
"700","2723901",0.648997928575122,0.187756689347288
"701","2901162",0.667277389490078,0.175693590848401
"702","2861099",0.676552566939079,0.169698453841462
"703","2835485",0.680900178644262,0.166916551878043
"704","2870748",0.682880774326759,0.165655114139605
"705","2871668",0.692779391749582,0.159405039845439
"706","2890058",0.694321555701053,0.158439351556493
"707","2494479",0.698844135803441,0.155619674767246
"708","2861208",0.719922883222202,0.142714021880902
"709","2587066",0.730250658692901,0.136528042616565
"710","2870174",0.734718939067792,0.133878765073791
"711","2768856",0.745505367221399,0.127549225522528
"712","2837406",0.756563960352528,0.121154350583343
"713","1777514",0.776428320557077,0.109898631916665
"714","2902727",0.780427535015029,0.107667416245577
"715","2866009",0.789570992088502,0.102608815514851
"716","2769963",0.790965923339422,0.10184222652058
"717","2098914",0.792908334931961,0.100777016887015
"718","2849074",0.79469582025782,0.0997990711705211
"719","2862045",0.824203671896542,0.0839654549887488
"720","2786914",0.844050729533982,0.0736314504186705
"721","75879",0.863163148542691,0.0639071094815361
"722","2917472",0.864874856282234,0.0630467285559166
"723","2104374",0.866795583385699,0.0620833102226698
"724","2804572",0.873141831437489,0.0589152046248141
"725","2870721",0.873844945631515,0.0585656214051708
"726","2858992",0.877597986326938,0.0567043819330061
"727","20820",0.902309300750001,0.0446445660241333
"728","2835896",0.904763768211955,0.0434647993079294
"729","2848105",0.93034812381988,0.031354513850201
"730","2801229",0.935108373267482,0.0291380541706648
"731","813158",0.940823295250949,0.0264919377882496
"732","811508",0.96391157558228,0.0159628042694117
"733","2856545",0.976410165437028,0.0103677077777638
"734","2845819",0.983227998063801,0.0073457631245646
"735","2769377",0.9987555302795,0.000540802908770176
